categoria_busqueda,tienda,producto,precio_tarjeta,precio_credito
tarjeta de video,Computron,TARJETA DE VIDEO ASUS GEFORCE RTX™ 5050 8GB GDDR6 PCIe5.0 HDMI DP,"$469,99",Crédito Directo 15 cuotas de: $61.90
tarjeta de video,Computron,TARJETA DE VIDEO ASUS DUAL GEFORCE RTX 5060 8GB GDRR7 OC EDITION PCIe5.0 HDMI-DP,"$589,99
$499,99",Crédito Directo 3 cuotas de: $237.60
tarjeta de video,Computron,TARJETA DE VIDEO ASUS DUAL GeForce RTX™ 3050 OC 6GB GDDR6X DOS VENTILADORES PCIe 4.0/DVI/HDMI/DP,"$299,99",Crédito Directo 18 cuotas de: $33.53
tarjeta de video,Computron,TARJETA TPLINK PCIe x1 WIFI 300Mbps 2 ANTENAS DESMONTABLES,"$14,99",Crédito Directo 3 cuotas de: $7.22
tarjeta de video,Computron,COMPUTADOR PC COOLER MASTER INTEL ULTRA 5 245K 5.20GHz-16GB-SSD 1TB-TG RTX5060 8GB-750W 80+ BRONZE,"$1.969,99",Crédito Directo 6 cuotas de: $457.27
procesador,Computron,PROCESADOR AMD RYZEN 7 5700G AM4 3.8GHZ DDR4 WRAITH STEALTH 8 NUCLEOS,"$279,99",Crédito Directo 3 cuotas de: $133.11
procesador,Computron,PROCESADOR AMD RYZEN 5 5600GT AM4 3.6GHZ DDR4 WRAITH STEALTH 6 NUCLEOS,"$229,99",Crédito Directo 18 cuotas de: $25.75
procesador,Computron,PROCESADOR AMD FX-8300 3.3 GHZ 16 MB AM3+ (EOL),"$179,99",Crédito Directo 6 cuotas de: $43.62
procesador,Computron,PROCESADOR LENOVO SERVIDOR SR550/SR590/SR650 Intel Xeon Silver 4208 8C 85W 2.1GHz,"$951,99",Crédito Directo 24 cuotas de: $88.72
procesador,Computron,PROCESADOR LENOVO SERVIDOR SR530/SR570/SR630 Intel Xeon Silver 4214 12C 85W 2.2GHz,"$1.762,99",Crédito Directo 12 cuotas de: $262.83
procesador,Computron,COOLER KIT LENOVO THINKSYSTEM DEL PROCESADOR,"$55,99",Crédito Directo 3 cuotas de: $26.62
procesador,Computron,COOLER KIT LENOVO THINKSYSTEM DEL PROCESADOR SR570,"$125,99",Crédito Directo 6 cuotas de: $30.56
procesador,Computron,NUC ASUS INTEL CORE 3 PROCESSOR 100U DDR5 5600MHZ M.2 WIFI7 BT5.4 HDMI-THUNDERBOLT RJ45-VESA,"$519,99",Crédito Directo 9 cuotas de: $97.20
procesador,Computron,"LAPTOP ASUS VIVOBOOK 16 AMD R7 AI 350 2.0GHZ-16GB-1TB-QUIET BLUE-16""WUXGA-W11+MOCH+MO+OFFICE365","$1.289,99
$1.059,99",Crédito Directo 24 cuotas de: $94.62
procesador,Computron,"LAPTOP ASUS VIVOBOOK S16 AMD R9-270 (16TOPS) 4.0GHZ-16GB-1TB SSD-MATE GRAY-16""WUXGA-W11+MOC+OFI365","$1.339,99
$1.229,99",Crédito Directo 9 cuotas de: $229.82
procesador,Computron,"COMPUTADOR AIO LENOVO IDEACENTRE 24ARR9 AMD R5-7535HS 3.3GHZ-16GB-512GB SSD-LUNA GREY-23.8""FHD-W11","$1.169,99",Crédito Directo 18 cuotas de: $125.36
procesador,Computron,"LAPTOP ASUS EXPERTBOOK INTEL CORE ULTRA 5 225H-16GB-512GB SSD-16"" WUXGA-WF6E-TPM-3Y-MOUSE-GREY-FRE","$1.149,99",Crédito Directo 18 cuotas de: $123.20
procesador,Computron,COMPUTADOR PC XTRATECH AMD RYZEN 7 5700G AM4 3.80GHZ-16GB-SSD1024GB-TECLADO+MOUSE-W11,"$889,99",Crédito Directo 24 cuotas de: $69.99
procesador,Computron,COMPUTADOR MINI PC XTRATECH NUC FANLESS CORE I5-1235U-16GB DDR4-512GB SSD-WIFI-AC-BT.5.0-W11,"$809,99",Crédito Directo 15 cuotas de: $102.22
procesador,Computron,COMPUTADOR PC XTRATECH INTEL ULTRA 7 265 5.30GHZ-16GB DDR5-SSD 1TB-F 650W 80+ BRONZE-TM-W11H,"$1.489,99",Crédito Directo 9 cuotas de: $278.42
procesador,Computron,COMPUTADOR PC XTRATECH AMD RYZEN 7 5700G AM4 3.80GHZ-8GB-512GB-TECLADO+MOUSE-W11,"$689,99",Crédito Directo 9 cuotas de: $128.95
procesador,Computron,COMPUTADOR PC COOLER MASTER INTEL ULTRA 5 245K 5.20GHz-16GB-SSD 1TB-TG RTX5060 8GB-750W 80+ BRONZE,"$1.969,99",Crédito Directo 6 cuotas de: $457.27
procesador,Computron,"LAPTOP ASUS TUF GAMING A15 AMD R7-7445HS 3.2GHZ-16GB-512GB SSD-TG RTX3050 4GB-BLACK-15.6""FHD-W11 MOCHILA + MOUSE","$1.249,99",Crédito Directo 12 cuotas de: $178.55
procesador,Computron,COMPUTADOR PC XTRATECH AMD R5-5600GT AM4 3.60GHz-8GB-SSD 512GBTB-TECLADO+MOUSE-W11,"$619,99",Crédito Directo 12 cuotas de: $88.57
procesador,Computron,"LAPTOP ASUS VIVOBOOK 15 AMD R7-5825U 2.0GHZ-8GB-512GB SSD-SILVER-15.6""FHD-W11+MOUSE","$689,99",Crédito Directo 15 cuotas de: $87.06
procesador,Computron,"LAPTOP HP OMNIBOOK 5 NG AI PC AMD R5-AI 340 2.0GHZ-16GB-512GB SSD- SILVER-16""2K -GAME PASS-W11","$1.259,99",Crédito Directo 15 cuotas de: $158.95
procesador,Computron,"LAPTOP ASUS EXPERTBOOK B3 INTEL ULTRA 7 155H-16GB-1TB SSD-16"" WUXGA-WF6E-TPM-3Y-MOUSE-GREY-W11P","$1.559,99",Crédito Directo 12 cuotas de: $222.80
procesador,Computron,COMPUTADOR PC XTRATECH INTEL CI3-12100 3.30GHz-16GB-1TB-TECLADO+MOUSE-W11,"$689,99",Crédito Directo 15 cuotas de: $87.06
procesador,Computron,MAINBOARD ASUS INTEL PRIME H610M-A-DDR5-LGA1700 13AVA 14AVA-mATX-PCIe4.0-DP-HDMI-VGA,"$129,99",Crédito Directo 9 cuotas de: $25.42
procesador,Computron,"LAPTOP ASUS EXPERTBOOK B5 INTEL ULTRA 7 255H-16GB-SSD1TB-16"" WQXGA-WF7-TPM-3Y-GRIS-MOUSE-W11P","$1.798,99",Crédito Directo 15 cuotas de: $226.99
procesador,Computron,"LAPTOP HP VICTUS AMD R7-7445HS 3.1GHZ-8GB-512GB SSD-TG RTX3050 6GB- SILVER-15.6""FHD-W11","$1.049,99",Crédito Directo 3 cuotas de: $478.19
procesador,Computron,"COMPUTADOR AIO HP AMD R5-7520U 2.8GHZ-8GB-512GB SSD-BLACK-23.8""FHD-FREEDOS","$1.068,27",Crédito Directo 6 cuotas de: $185.65
procesador,Computron,"COMPUTADOR AIO HP AMD R3-7320U 2.4GHZ-8GB-512GB SSD-BLACK-23.8""FHD-W11","$759,99",Crédito Directo 12 cuotas de: $108.55
procesador,Computron,"COMPUTADOR AIO HP AMD R5-7520U 2.8GHZ-8GB-512GB SSD-BLACK-23.8""FHD-W11","$819,99",Crédito Directo 12 cuotas de: $117.13
procesador,Computron,COMPUTADOR MINI PC XTRATECH NUC FANLESS CORE I5- 1235U-16GB DDR4-512GB SSD-WIFI-AC-BT.5.0-FREDOOS,"$799,99",Crédito Directo 6 cuotas de: $185.65
procesador,Computron,"LAPTOP HP OMNIBOOK 3 NGAI AMD R5-AI 340 2.0GHZ-16GB-512GB SSD-GLACIER SILVER-15.6""FHD-W11","$1.119,99",Crédito Directo 6 cuotas de: $259.96
procesador,Computron,"LAPTOP HP AMD R5-7520U 2.8GHZ-16GB-512GB SSD-MOONLIGHT BLUE-15.6""FHD-W11","$919,99",Crédito Directo 3 cuotas de: $418.98
procesador,Computron,"LAPTOP ASUS ZENBOOK S16 OLED AMD R7 AI 350 2.0GHZ-24GB-1TB SSD-SCANDINAVIAN WHITE-16""3K TOUCH-W11","$2.369,99
$1.899,90",Crédito Directo 18 cuotas de: $203.49
procesador,Computron,"LAPTOP HP AMD R7-7730U 2.0GHZ-16GB-512GB SSD-WARM GOLD-15.6""FHD-FREEDOS","$799,99",Crédito Directo 9 cuotas de: $149.47
procesador,Computron,"LAPTOP HP AMD R7-7730U 2.0GHZ-16GB-512GB SSD-WARM GOLD-15.6""FHD-W11","$979,99",Crédito Directo 18 cuotas de: $104.99
procesador,Computron,"LAPTOP LENOVO GAMING LOQ 15ARP9 AMD R7-7435HS 3.1GHZ-12GB-512GB SSD-TG RTX 4050 6GB-GREY-15.6""-W11","$1.469,99
$1.299,99",Crédito Directo 6 cuotas de: $301.68
laptop gamer,Computron,"MOCHILA EZMI PARA LAPTOP 15.6"" LÍNEA EZ PRIME DISEÑO PREMIUM NEGRA","$29,99",Crédito Directo 6 cuotas de: $7.48
laptop gamer,Computron,"FORRO SLEEVE EZMI PARA LAPTOP 15.6"" LÍNEA EZ MOVE ULTRALIVIANO NEGRO","$15,99",Crédito Directo 3 cuotas de: $7.96
laptop gamer,Computron,"MOCHILA EZMI PARA LAPTOP 15.6"" LÍNEA EZ GO DISEÑO LIGERO GRIS","$19,99",Crédito Directo 6 cuotas de: $4.95
laptop gamer,Computron,"FORRO EZMI PARA LAPTOP 15.6"" LINEA EZ GO NEOPRENO GRIS","$9,99",Crédito Directo 6 cuotas de: $2.54
laptop gamer,Computron,"FORRO SQUAREPRO KLIP XTREME PARA LAPTOP 14"" INCLUYE ASA E INTERIOR ACOLCHADO - GRIS","$16,99",Crédito Directo 6 cuotas de: $4.31
laptop gamer,Computron,"MOCHILA EZMI PARA LAPTOP 15.6"" LÍNEA EZ PRIME DISEÑO PREMIUM GRIS","$29,99",Crédito Directo 3 cuotas de: $14.68
laptop gamer,Computron,"MOCHILA EZMI PARA LAPTOP 15.6"" LÍNEA EZ MOVE DISEÑO COMPACTO GRIS","$24,99",Crédito Directo 3 cuotas de: $12.19
laptop gamer,Computron,"MOCHILA EZMI PARA LAPTOP 15.6"" LÍNEA EZ PRIME DISEÑO ELEGANTE NEGRA","$41,99",Crédito Directo 6 cuotas de: $10.40
laptop gamer,Computron,"MOCHILA EZMI PARA LAPTOP 15.6"" LÍNEA EZ MOVE DISEÑO COMPACTO AZUL","$24,99",Crédito Directo 6 cuotas de: $6.21
laptop gamer,Computron,"MOCHILA EZMI PARA LAPTOP 15.6"" LÍNEA EZ PRIME DISEÑO PREMIUM NEGRA","$29,99",Crédito Directo 6 cuotas de: $7.48
laptop gamer,Computron,"FORRO SLEEVE EZMI PARA LAPTOP 15.6"" LÍNEA EZ MOVE ULTRALIVIANO NEGRO","$15,99",Crédito Directo 3 cuotas de: $7.96
laptop gamer,Computron,"MOCHILA EZMI PARA LAPTOP 15.6"" LÍNEA EZ GO DISEÑO LIGERO GRIS","$19,99",Crédito Directo 6 cuotas de: $4.95
laptop gamer,Computron,"FORRO EZMI PARA LAPTOP 15.6"" LINEA EZ GO NEOPRENO GRIS","$9,99",Crédito Directo 6 cuotas de: $2.54
laptop gamer,Computron,"FORRO SQUAREPRO KLIP XTREME PARA LAPTOP 14"" INCLUYE ASA E INTERIOR ACOLCHADO - GRIS","$16,99",Crédito Directo 6 cuotas de: $4.31
laptop gamer,Computron,"MOCHILA EZMI PARA LAPTOP 15.6"" LÍNEA EZ PRIME DISEÑO PREMIUM GRIS","$29,99",Crédito Directo 3 cuotas de: $14.68
laptop gamer,Computron,"MOCHILA EZMI PARA LAPTOP 15.6"" LÍNEA EZ MOVE DISEÑO COMPACTO GRIS","$24,99",Crédito Directo 3 cuotas de: $12.19
laptop gamer,Computron,"MOCHILA EZMI PARA LAPTOP 15.6"" LÍNEA EZ PRIME DISEÑO ELEGANTE NEGRA","$41,99",Crédito Directo 6 cuotas de: $10.40
mouse,Computron,"LAPTOP ASUS VIVOBOOK 15 CI7-150U 1.8GHZ-16GB-512GB SSD-BLUE-15.6""FHD+MOUSE-W11","$1.199,99",Crédito Directo 24 cuotas de: $107.10
mouse,Computron,MOUSE KLIP XTREME ALAMBRICO USB GALET - NEGRO,"$9,99",Crédito Directo 6 cuotas de: $2.54
mouse,Computron,MOUSE LENOVO LEGION GAMER M300S RGB GY51H47350,"$59,99",Crédito Directo 3 cuotas de: $29.11
mouse,Computron,"LAPTOP ASUS EXPERTBOOK INTEL CORE ULTRA 5 225H-16GB-512GB SSD-16"" WUXGA-WF6E-TPM-3Y-MOUSE-GREY-FRE","$1.149,99",Crédito Directo 18 cuotas de: $123.20
mouse,Computron,COMPUTADOR PC XTRATECH AMD RYZEN 7 5700G AM4 3.80GHZ-16GB-SSD1024GB-TECLADO+MOUSE-W11,"$889,99",Crédito Directo 12 cuotas de: $111.99
mouse,Computron,COMPUTADOR PC XTRATECH AMD RYZEN 7 5700G AM4 3.80GHZ-8GB-512GB-TECLADO+MOUSE-W11,"$689,99",Crédito Directo 9 cuotas de: $128.95
mouse,Computron,"LAPTOP ASUS VIVOBOOK 15 CI3-1215U 1.2GHZ-8GB-512GB SSD-SILVER-15.6""FHD+ MOCHILA+MOUSE+W11","$569,99",Crédito Directo 9 cuotas de: $106.59
mouse,Computron,"LAPTOP ASUS TUF GAMING A15 AMD R7-7445HS 3.2GHZ-16GB-512GB SSD-TG RTX3050 4GB-BLACK-15.6""FHD-W11 MOCHILA + MOUSE","$1.249,99",Crédito Directo 12 cuotas de: $178.55
mouse,Computron,TECLADO + MOUSE XTECH INALAMBRICO CON MOUSE PAD XL Y HUB USB 3.0 4 PUERTOS,"$32,99",Crédito Directo 6 cuotas de: $8.24
mouse,Computron,MOUSE XTECH INALAMBRICO XTM-309 DE 3 BOTONES 1600 DPI,"$5,99",Crédito Directo 3 cuotas de: $2.99
mouse,Computron,MOUSE XTECH INALAMBRICO XTM-318 DE 4 BOTONES LUCES,"$6,99",Crédito Directo 3 cuotas de: $3.48
mouse,Computron,COMPUTADOR PC XTRATECH AMD R5-5600GT AM4 3.60GHz-8GB-SSD 512GBTB-TECLADO+MOUSE-W11,"$619,99",Crédito Directo 12 cuotas de: $88.57
mouse,Computron,MOUSE PAD EZMI MAT LINEA EZ SMART TAMAÑO 20X23CM NEGRO,"$5,99",Crédito Directo 3 cuotas de: $2.99
mouse,Computron,MOUSE PAD EZMI MAT LINEA EZ SMART TAMAÑO 30X70CM NEGRO,"$9,99",Crédito Directo 3 cuotas de: $4.98
mouse,Computron,MOUSE PAD XTECH DISNEY STICH AMARILLO,"$2,99",Crédito Directo 3 cuotas de: $1.49
mouse,Computron,MOUSE XTECH ALAMBRICO DISNEY STICH USB - ROSADO,"$9,99",Crédito Directo 3 cuotas de: $4.98
mouse,Computron,MOUSE XTECH ALAMBRICO DISNEY STICH USB - AZUL,"$9,99",Crédito Directo 6 cuotas de: $2.54
mouse,Computron,MOUSE XTECH INALAMBRICO DISNEY STICH USB + MOUSE PAD CON ALMOHADILLA,"$16,99",Crédito Directo 6 cuotas de: $4.31
mouse,Computron,MOUSE LOGITECH ERGONOMIC LIFT LEFT VERTICAL BLUETOOTH 4000 DPI GRAFITO - MANO IZQUIERDA,"$104,99",Crédito Directo 6 cuotas de: $26.00
mouse,Computron,"LAPTOP ASUS VIVOBOOK 15 AMD R7-5825U 2.0GHZ-8GB-512GB SSD-SILVER-15.6""FHD-W11+MOUSE","$689,99",Crédito Directo 15 cuotas de: $87.06
mouse,Computron,"LAPTOP ASUS EXPERTBOOK B3 INTEL ULTRA 7 155H-16GB-1TB SSD-16"" WUXGA-WF6E-TPM-3Y-MOUSE-GREY-W11P","$1.559,99",Crédito Directo 12 cuotas de: $222.80
mouse,Computron,COMPUTADOR PC XTRATECH INTEL CI3-12100 3.30GHz-16GB-1TB-TECLADO+MOUSE-W11,"$689,99",Crédito Directo 15 cuotas de: $87.06
mouse,Computron,MOUSE EZMI ALAMBRICO EZ GAMER ILUMINACION RGB 6 BOT. 7200 DPI USB - NEGRO,"$14,98",Crédito Directo 3 cuotas de: $7.46
mouse,Computron,MOUSE PAD AVANTI CON ALMOHADILLA NEGRO,"$4,49",Crédito Directo 6 cuotas de: $1.14
mouse,Computron,"LAPTOP ASUS EXPERTBOOK B5 INTEL ULTRA 7 255H-16GB-SSD1TB-16"" WQXGA-WF7-TPM-3Y-GRIS-MOUSE-W11P","$1.798,99",Crédito Directo 15 cuotas de: $226.99
mouse,Computron,MOUSE PRIMUS INALAMBRICO GAMER CONEXION DUAL USB BATERIA RECARGABLE,"$37,99",Crédito Directo 3 cuotas de: $18.66
mouse,Computron,MOUSE KLIP XTREME INALAMBRICO SLIMSURFER AMBIDIESTRO - ROSADO,"$9,99",Crédito Directo 6 cuotas de: $2.54
mouse,Computron,MOUSE LOGITECH INALAMBRICO M650 BLUETOOTH USB SILENCE - GRAFITO,"$54,99",Crédito Directo 3 cuotas de: $26.87
mouse,Computron,MOUSE PRIMUS ALAMBRICO GAMER 8 BOTONES USB,"$19,99",Crédito Directo 3 cuotas de: $9.70
mouse,Computron,MOUSE XTECH ALAMBRICO USB NEGRO ERGONOMICO,"$4,99",Crédito Directo 3 cuotas de: $2.49
mouse,Computron,MOUSE XTECH ALAMBRICO 3 BOTONES USB - NEGRO,"$3,99",Crédito Directo 6 cuotas de: $1.01
mouse,Computron,MOUSE KLIP XTREME INALAMBRICO VERTICAL NEGRO,"$20,99",Crédito Directo 3 cuotas de: $10.20
mouse,Computron,MOUSE XTECH INALAMBRICO 1200dpi USB NEGRO,"$9,99",Crédito Directo 3 cuotas de: $4.98
mouse,Computron,MOUSE XTECH ALAMBRICO GAMER USB 3D ROJO,"$14,98",Crédito Directo 3 cuotas de: $7.46
mouse,Computron,MOUSE PAD XTECH 22x18 cm NEGRO,"$0,99",Crédito Directo 3 cuotas de: $0.50
mouse,Computron,MOUSE PAD XTECH 22.5x19.5 cm CON ALMOHADILLA GEL,"$6,99",Crédito Directo 3 cuotas de: $3.48
mouse,Computron,MOUSE XTECH ALAMBRICO USB 3 BOTONES CON LUZ - NEGRO,"$3,99",Crédito Directo 6 cuotas de: $1.01
mouse,Computron,MOUSE KLIP XTREME INALAMBRICO USB - NEGRO,"$9,99",Crédito Directo 3 cuotas de: $4.98
mouse,Computron,MOUSE KLIP XTREME INALAMBRICO USB - AZUL,"$9,99",Crédito Directo 6 cuotas de: $2.54
mouse,Computron,MOUSE KLIP XTREME INALAMBRICO USB - AZUL,"$13,00",Crédito Directo 6 cuotas de: $3.30
mouse,Computron,TECLADO + MOUSE KLIP XTREME ALAMBRICO ERGONOMICO USB,"$18,99",Crédito Directo 3 cuotas de: $9.45
mouse,Computron,MOUSE LOGITECH INALAMBRICO M170 GRIS,"$18,99",Crédito Directo 6 cuotas de: $4.82
mouse,Computron,MOUSE LOGITECH INALAMBRICO M170 AZUL,"$18,99",Crédito Directo 6 cuotas de: $4.82
mouse,Computron,MOUSE RIPPA ALAMBRICO USB RETRACTIL NEGRO,"$7,99",Crédito Directo 3 cuotas de: $3.98
mouse,Computron,TECLADO + MOUSE LOGITECH INALAMBRICO MK235 ANTI-DERRAME,"$36,00",Crédito Directo 6 cuotas de: $9.00
mouse,Computron,MOUSE KLIP XTREME INALAMBRICO ERGONOMICO 6 BOT. NANO USB - NEGRO,"$10,99",Crédito Directo 6 cuotas de: $2.79
mouse,Computron,MOUSE KLIP XTREME INALAMBRICO ERGONOMICO 6 BOT. NANO USB - AZUL,"$11,99",Crédito Directo 6 cuotas de: $3.04
mouse,Computron,MOUSE LOGITECH INALAMBRICO M280 2.4GHZ USB NEGRO,"$29,99",Crédito Directo 3 cuotas de: $14.68
mouse,Computron,TECLADO + MOUSE LOGITECH ALAMBRICO MK200 USB,"$34,99",Crédito Directo 3 cuotas de: $17.17
mouse,Computron,TECLADO + MOUSE LOGITECH ALAMBRICO MK120 USB,"$29,99",Crédito Directo 3 cuotas de: $14.68
mouse,Computron,TECLADO + MOUSE LOGITECH INALAMBRICO MK220,"$35,99",Crédito Directo 6 cuotas de: $9.00
mouse,Computron,TECLADO + MOUSE LOGITECH INALAMBRICO MK270 UNIFYING,"$44,99",Crédito Directo 6 cuotas de: $11.16
mouse,Computron,MOUSE LOGITECH INALAMBRICO M185 2.4GHZ USB GRIS,"$27,99",Crédito Directo 3 cuotas de: $13.68
mouse,Computron,MOUSE KLIP XTREME ALAMBRICO USB - NEGRO,"$7,99",Crédito Directo 3 cuotas de: $3.98
mouse,Computron,MOUSE PAD KLIP XTREME 22.5x19.5 cm CON ALMOHADILLA GEL - NEGRO,"$7,99",Crédito Directo 3 cuotas de: $3.98
mouse,Computron,"LAPTOP ASUS VIVOBOOK 15 CI5-120U 1.4GHZ-8GB-512GB SSD-QUIET BLUE-15.6""FHD-W11+MOUSE","$699,99",Crédito Directo 3 cuotas de: $318.71
mouse,Computron,"LAPTOP ASUS VIVOBOOK 15 CI5-1334U 1.3GHZ-12GB-512GB SSD-SILVER-15.6""FHD-W11+MOUSE","$698,99",Crédito Directo 18 cuotas de: $74.91
mouse,Computron,MOUSE LOGITECH M196 INALAMBRICO BLUETOOTH - GRAFITO 1000 DPI,"$19,99",Crédito Directo 3 cuotas de: $9.70
mouse,Computron,MOUSE KLIP XTREME INALAMBRICO BLUETOOTH 6 BOTONES - NEGRO,"$15,99",Crédito Directo 6 cuotas de: $4.06
mouse,Computron,MOUSE KLIP XTREME INALAMBRICO BLUETOOTH 6 BOTONES - BLANCO,"$15,99",Crédito Directo 3 cuotas de: $7.96
mouse,Computron,TECLADO + MOUSE KLIP XTREME INALAMBRICO KEYROLL USB,"$27,99",Crédito Directo 6 cuotas de: $6.97
mouse,Computron,MOUSE EZMI INALAMBRICO USB - NEGRO,"$6,99",Crédito Directo 6 cuotas de: $1.78
mouse,Computron,MOUSE LOGITECH INALAMBRICO M350S PEBBLE BLUETOOTH 2.4 GHZ- ROSADO,"$35,99",Crédito Directo 3 cuotas de: $17.66
mouse,Computron,MOUSE KLIP XTREME INALAMBRICO SLIMSURFER AMBIDIESTRO - NEGRO,"$9,99",Crédito Directo 3 cuotas de: $4.98
mouse,Computron,MOUSE PAD XTECH 22x18 cm MINNIE MOUSE - DISNEY,"$2,99",Crédito Directo 6 cuotas de: $0.76
mouse,Computron,TECLADO + MOUSE EZMI INALAMBRICO - NEGRO,"$16,99",Crédito Directo 3 cuotas de: $8.46
mouse,Computron,MOUSE EZMI ALAMBRICO USB OPTICO - NEGRO,"$4,99",Crédito Directo 3 cuotas de: $2.49
mouse,Computron,MOUSE EZMI ALAMBRICO USB OPTICO - GRIS,"$5,99",Crédito Directo 6 cuotas de: $1.52
mouse,Computron,TECLADO + MOUSE TARGUS INALAMBRICO - NEGRO,"$25,99",Crédito Directo 6 cuotas de: $6.47
mouse,Computron,MOUSE LOGITECH ALAMBRICO M110 SILENT NEGRO,"$14,99",Crédito Directo 6 cuotas de: $3.80
mouse,Computron,MOUSE LOGITECH ALAMBRICO M110 SILENT AZUL,"$8,99",Crédito Directo 6 cuotas de: $2.28
mouse,Computron,MOUSE LOGITECH ALAMBRICO M110 SILENT GRIS,"$9,99",Crédito Directo 3 cuotas de: $4.98
mouse,Computron,MOUSE XTECH INALAMBRICO 2.4 GHz 4 BOTONES 1600dpi AZUL,"$7,99",Crédito Directo 6 cuotas de: $2.03
mouse,Computron,MOUSE PAD XTECH 22x18 cm VOYAGER - AZUL / NEGRO,"$1,50",Crédito Directo 3 cuotas de: $0.75
mouse,Computron,MOUSE LOGITECH INALAMBRICO M170 BLANCO,"$19,99",Crédito Directo 3 cuotas de: $9.70
mouse,Computron,MOUSE MANHATTAN INALAMBRICO SUCCESS 2.4GHZ 3 BOTONES NEGRO/AZUL,"$17,99",Crédito Directo 6 cuotas de: $4.57
mouse,Computron,MOUSE MANHATTAN INALAMBRICO PERFORMANCE 4 BOTONES - NEGRO,"$22,99",Crédito Directo 3 cuotas de: $11.20
mouse,Computron,TECLADO + MOUSE MANHATTAN INALAMBRICO - NEGRO,"$31,99",Crédito Directo 6 cuotas de: $7.99
mouse,Computron,MOUSE XTECH INALAMBRICO MICKEY MOUSE - DISNEY - USB,"$11,99",Crédito Directo 6 cuotas de: $3.04
mouse,Computron,CASE COMBO SPEEDMIND MOUSE TECLADO / FUENTE 750W USB,"$80,99",Crédito Directo 3 cuotas de: $38.56
mouse,Computron,MOUSE XTECH ALAMBRICO USB SPIDERMAN - LC.MARVEL,"$15,99",Crédito Directo 3 cuotas de: $7.96
mouse,Computron,MOUSE TARGUS INALAMBRICO BLUETOOTH ANTIMICROBIANO Y MULTIDISPOSITIVO NEGRO,"$22,99",Crédito Directo 3 cuotas de: $11.20
mouse,Computron,MOUSE PAD LOGITECH MAT STUDIO 20x23 cm- ROSADO,"$14,00",Crédito Directo 6 cuotas de: $3.55
mouse,Computron,MOUSE PAD LOGITECH MAT STUDIO 20x23 cm - AZUL,"$13,99",Crédito Directo 3 cuotas de: $6.97
mouse,Computron,MOUSE PAD LOGITECH MAT STUDIO 30x70 cm - ROSADO,"$25,99",Crédito Directo 3 cuotas de: $12.69
mouse,Computron,MOUSE PAD LOGITECH MAT STUDIO 30x70 cm - LAVANDA,"$23,99",Crédito Directo 3 cuotas de: $11.69
mouse,Computron,MOUSE KLIP XTREME ALAMBRICO VERTICAL ERGONOMICO KROWN USB - NEGRO,"$15,99",Crédito Directo 3 cuotas de: $7.96
mouse,Computron,GRABADOR NVR TPLINK 8 CANALES MOUSE-2 USB- HDMI-VGA-SIN DISCO-1 PUERTO RJ45,"$93,99",Crédito Directo 3 cuotas de: $45.78
mouse,Computron,MOUSE LOGITECH INALAMBRICO M190 USB GRIS-AZUL,"$22,99",Crédito Directo 6 cuotas de: $5.71
mouse,Computron,MOUSE LOGITECH INALAMBRICO M190 USB GRIS,"$22,99",Crédito Directo 6 cuotas de: $5.71
mouse,Computron,TECLADO + MOUSE XTECH ALAMBRICO USB - NEGRO,"$15,99",Crédito Directo 3 cuotas de: $7.96
mouse,Computron,MOUSE LOGITECH ALAMBRICO GAMER G203 LIGHTSYNC RGB USB NEGRO,"$35,99",Crédito Directo 6 cuotas de: $9.00
mouse,Computron,MOUSE LOGITECH ALAMBRICO GAMER G203 LIGHTSYNC RGB USB BLANCO,"$33,99",Crédito Directo 6 cuotas de: $8.50
mouse,Computron,MOUSE COOLER MASTER ALAMBRICO GAMER USB MM710 NEGRO MATE,"$53,99",Crédito Directo 3 cuotas de: $26.37
mouse,Computron,MOUSE COOLER MASTER ALAMBRICO GAMER USB MM711 NEGRO,"$71,99",Crédito Directo 6 cuotas de: $17.88
mouse,Computron,MOUSE TARGUS ALAMBRICO RETRACTIL USB NEGRO,"$13,99",Crédito Directo 6 cuotas de: $3.55
mouse,Computron,MOUSE XTECH INALAMBRICO 2.4 GHz 4 BOTONES 1600dpi NEGRO,"$6,99",Crédito Directo 6 cuotas de: $1.78
mouse,Computron,MOUSE XTECH INALAMBRICO 2.4 GHz 4 BOTONES 1600dpi AZUL,"$8,99",Crédito Directo 3 cuotas de: $4.48
mouse,Computron,MOUSE XTECH ALAMBRICO GAMER 3D USB LED - NEGRO,"$16,99",Crédito Directo 3 cuotas de: $8.46
mouse,Computron,MOUSE XTECH ALAMBRICO GAMER USB BLUE VENOM - NEGRO,"$16,99",Crédito Directo 6 cuotas de: $4.31
teclado,Computron,TECLADO/PALMREST REPUESTO PARA LAPTOP XTRATECH LAP4ED,"$51,99",Crédito Directo 6 cuotas de: $12.93
teclado,Computron,TECLADO LENOVO IDEAPAD 330-14IKB GRAY WIN8 (WITHOUT FRAME),"$99,99",Crédito Directo 6 cuotas de: $24.73
teclado,Computron,COMPUTADOR PC XTRATECH AMD RYZEN 7 5700G AM4 3.80GHZ-16GB-SSD1024GB-TECLADO+MOUSE-W11,"$889,99",Crédito Directo 12 cuotas de: $111.99
teclado,Computron,TECLADO LENOVO IDEAPAD 320-14ISK 320S-14IKB 320S- 141KBR GRAY (without,"$99,99",Crédito Directo 6 cuotas de: $24.73
teclado,Computron,"TABLET LENOVO IDEA TAB 5G 11"" 8GB+128GB INCLUYE LAPIZ LENOVO + FOLIO TECLADO GRIS","$549,99",Crédito Directo 6 cuotas de: $142.69
teclado,Computron,COMPUTADOR PC XTRATECH AMD RYZEN 7 5700G AM4 3.80GHZ-8GB-512GB-TECLADO+MOUSE-W11,"$689,99",Crédito Directo 9 cuotas de: $128.95
teclado,Computron,"TABLET LENOVO YOGA TAB PLUS 12,7"" GEN 3 WIFI 16+256GB (INCLUYE TECLADO + TAB PEN PRO )","$1.099,99",Crédito Directo 18 cuotas de: $126.84
teclado,Computron,TECLADO HP PAVILION X360 14M-DW0023DX 14M-DW1023DX 14M-DW1033DX,"$102,99",Crédito Directo 6 cuotas de: $25.49
teclado,Computron,TECLADO DELL XPS 7590 BLACK (BACKLIT SMALL ENTER),"$102,99",Crédito Directo 6 cuotas de: $25.49
teclado,Computron,"TABLET LENOVO IDEA TAB 5G 11"" 8GB+256GB INCLUYE LAPIZ LENOVO + FOLIO TECLADO","$598,99",Crédito Directo 12 cuotas de: $88.13
teclado,Computron,TECLADO + MOUSE XTECH INALAMBRICO CON MOUSE PAD XL Y HUB USB 3.0 4 PUERTOS,"$32,99",Crédito Directo 6 cuotas de: $8.24
teclado,Computron,TECLADO XTECH ALAMBRICO USB MULTIMEDIA,"$8,99",Crédito Directo 6 cuotas de: $2.28
teclado,Computron,COMPUTADOR PC XTRATECH AMD R5-5600GT AM4 3.60GHz-8GB-SSD 512GBTB-TECLADO+MOUSE-W11,"$619,99",Crédito Directo 12 cuotas de: $88.57
teclado,Computron,"TABLET LENOVO IDEA TAB PRO 12.7"" 8GB+256GB GRIS + TECLADO + LENOVO TAB PEN PLUS + MOTO BUDS","$649,99",Crédito Directo 3 cuotas de: $330.86
teclado,Computron,TECLADO PRIMUS ALAMBRICO GAMER BALLISTA USB-C TRENZADO DESMONTABLE NEGRO,"$39,99",Crédito Directo 6 cuotas de: $9.89
teclado,Computron,COMPUTADOR PC XTRATECH INTEL CI3-12100 3.30GHz-16GB-1TB-TECLADO+MOUSE-W11,"$689,99",Crédito Directo 15 cuotas de: $87.06
teclado,Computron,"TABLET LENOVO IDEA TAB PRO 12.7"" 8GB 256GB USB-C LUNA GREY + TECLADO LENOVO + TAB PEN PLUS","$759,99",Crédito Directo 15 cuotas de: $103.26
teclado,Computron,REPUESTO TECLADO/PALMREST PARA LAPTOP XTRATECH XCT15Q11,"$59,80",Crédito Directo 6 cuotas de: $14.84
teclado,Computron,REPUESTO TECLADO/PALMREST PARA LAPTOP XTRATECH XCT14Q82,"$60,00",Crédito Directo 6 cuotas de: $14.84
teclado,Computron,REPUESTO TECLADO/PALMREST LAPTOP XTRATECH XCT14Q11,"$80,00",Crédito Directo 6 cuotas de: $19.78
teclado,Computron,TECLADO EZMI ALAMBRICO GAMER RETROILUMINADO USB - NEGRO,"$19,99",Crédito Directo 6 cuotas de: $4.95
teclado,Computron,TECLADO EZMI ALAMBRICO USB - NEGRO,"$7,99",Crédito Directo 6 cuotas de: $2.03
teclado,Computron,TECLADO HP PAVILION 15-DA 250 255 G7 GEN7 BLACK,"$99,99",Crédito Directo 3 cuotas de: $48.52
teclado,Computron,TECLADO ASUS G713 G713Q G713QE G713QM BLACK US (RGB BLACKLIT WIN8),"$119,99",Crédito Directo 3 cuotas de: $58.22
teclado,Computron,TECLADO HP 15-FD 15-FC GRAY,"$119,99",Crédito Directo 12 cuotas de: $17.95
teclado,Computron,TECLADO LOGITECH INALAMBRICO K250 BLUETOOTH - NEGRO,"$28,99",Crédito Directo 6 cuotas de: $7.23
teclado,Computron,TECLADO LENOVO IDEAPAD 5-15IIL05 15ARE05 15ITL05 5-15ALC05 Gray Backlit VER,"$119,99",Crédito Directo 12 cuotas de: $17.95
teclado,Computron,TECLADO PRIMUS ALAMBRICO GAMER USB 105 TECLAS 1000Hz ANTI-GHOSTING,"$49,99",Crédito Directo 6 cuotas de: $12.43
teclado,Computron,TECLADO XTECH ALAMBRICO USB MULTIMEDIA NEGRO,"$8,99",Crédito Directo 6 cuotas de: $2.28
teclado,Computron,TECLADO LOGITECH ALAMBRICO GAMER G213 PRODIGY USB - INGLES,"$72,99",Crédito Directo 6 cuotas de: $18.13
teclado,Computron,TECLADO + MOUSE KLIP XTREME ALAMBRICO ERGONOMICO USB,"$18,99",Crédito Directo 3 cuotas de: $9.45
teclado,Computron,TECLADO + MOUSE LOGITECH INALAMBRICO MK235 ANTI-DERRAME,"$36,00",Crédito Directo 6 cuotas de: $9.00
teclado,Computron,TECLADO + MOUSE LOGITECH ALAMBRICO MK200 USB,"$34,99",Crédito Directo 3 cuotas de: $17.17
teclado,Computron,TECLADO LOGITECH ALAMBRICO K120 USB ANTIDERRAME NEGRO,"$21,99",Crédito Directo 6 cuotas de: $5.45
teclado,Computron,TECLADO + MOUSE LOGITECH INALAMBRICO MK220,"$35,99",Crédito Directo 6 cuotas de: $9.00
teclado,Computron,TECLADO + MOUSE LOGITECH ALAMBRICO MK120 USB,"$29,99",Crédito Directo 3 cuotas de: $14.68
teclado,Computron,TECLADO + MOUSE LOGITECH INALAMBRICO MK270 UNIFYING,"$44,99",Crédito Directo 6 cuotas de: $11.16
teclado,Computron,TECLADO LOGITECH ERGONOMICO BLUETOOTH WAVE KEYS CON REPOSAMUÑECAS MULTIDISPOSI BLANCO,"$79,99",Crédito Directo 6 cuotas de: $19.78
teclado,Computron,TECLADO + MOUSE KLIP XTREME INALAMBRICO KEYROLL USB,"$27,99",Crédito Directo 6 cuotas de: $6.97
teclado,Computron,TECLADO KLIP XTREME INALAMBRICO KEYGLIDER BLUETOOTH Y 2.4GHz - PANEL TACTIL,"$28,99",Crédito Directo 3 cuotas de: $14.18
teclado,Computron,TECLADO XTRATECH ALAMBRICO USB ESPAÑOL,"$6,99",Crédito Directo 3 cuotas de: $3.48
teclado,Computron,TECLADO LOGITECH INALAMBRICO K380 PEBBLES KEY 2 - BLUETOOTH-MULTIDISPOSITIVO / NEGRO,"$49,99",Crédito Directo 3 cuotas de: $24.38
teclado,Computron,TECLADO KLIP XTREME INALAMBRICO ERGONOMICO TRANSCEND USB NEGRO,"$45,99",Crédito Directo 3 cuotas de: $22.39
teclado,Computron,TECLADO + MOUSE EZMI INALAMBRICO - NEGRO,"$16,99",Crédito Directo 3 cuotas de: $8.46
teclado,Computron,TECLADO + MOUSE TARGUS INALAMBRICO - NEGRO,"$25,99",Crédito Directo 6 cuotas de: $6.47
teclado,Computron,TECLADO TARGUS ALAMBRICO USB NEGRO,"$16,99",Crédito Directo 6 cuotas de: $4.31
teclado,Computron,TECLADO + MOUSE MANHATTAN INALAMBRICO - NEGRO,"$31,99",Crédito Directo 6 cuotas de: $7.99
teclado,Computron,CASE COMBO SPEEDMIND MOUSE TECLADO / FUENTE 750W USB,"$80,99",Crédito Directo 3 cuotas de: $38.56
teclado,Computron,"ESTUCHE PARA TABLET RIPPA 10"" TECLADO Y LAPIZ INCLUIDO - NEGRO","$17,99",Crédito Directo 3 cuotas de: $8.96
teclado,Computron,TECLADO LOGITECH INALAMBRICO K270 USB NEGRO,"$27,99",Crédito Directo 3 cuotas de: $13.68
teclado,Computron,TECLADO LOGITECH INALAMBRICO GAMER G915 TKL LIGHTSPEED MECANICO BLUETOOTH / RGB / BLANCO,"$259,99",Crédito Directo 18 cuotas de: $29.67
teclado,Computron,TECLADO + MOUSE XTECH ALAMBRICO USB - NEGRO,"$15,99",Crédito Directo 3 cuotas de: $7.96
teclado,Computron,TECLADO XTECH ALAMBRICO USB - NEGRO,"$7,99",Crédito Directo 6 cuotas de: $2.03
teclado,Computron,TECLADO XTECH ALAMBRICO USB NEGRO,"$10,99",Crédito Directo 6 cuotas de: $2.79
